number,firstname,lastname,email,state,zip
1234567890,anamul,hoque,an@gmail.com,Dhaka,1122
1234567890,akash,khan,ak@gmail.com,chittagong,1111
1234567890,monul,chy,mo@gmail.com,rangpur,1122
1234567890,moqbul,,,,
1234567890a,mohan,bosh,moh@gmail.com,rajshahi,1212
1234567890,bela,bosh,,,1212
1234567890c,,,,,1221
1234567890,atif,aslam,atif@gmail.com,Khulna,1331
1234567890,,,,,313
1234567890,,,,,131
1234567890,,,,,131
1234567890,,,,,13131
1234567890,,,,,131
1234567890,,,,,1313
1234567890,,,,,132
1234567890,,,,,
1234567890b,oli,ullah,,noakhali,